管理番号,郵便番号,都道府県,市区町村,番地,建物名,会社名,部署,氏名,電話,メール,更新日
000101,100-0005,東京都,千代田区,丸の内１－１－１,丸の内ビル３Ｆ,株式会社サンプル,営業部,山田　太郎,03-1234-5678,yamada@example.co.jp,2025/04/01
000101,100-0005,東京都,千代田区,丸の内１－１－１,丸の内ビル３Ｆ,株式会社サンプル,営業部,山田　太郎,03-1234-5678,yamada@example.co.jp,2025/04/01
000102,100-0005,東京都,千代田区丸の内,１－１－１,丸の内ビル３Ｆ,株式会社サンプル,営業部,山田　太郎,03-1234-5678,,2025/05/10
000103,100-0005,東京都,千代田区,丸の内１－１－１,丸の内ビル３Ｆ,株式会社サンプル,営業部,山田　太朗,,,2024/12/01
000104,100-0005,東京都,千代田区,丸の内1-1-1,丸の内ﾋﾞﾙ3F,株式会社サンプル,営業部,山田太郎,,,2025/01/15
000105,1000005,東京都,千代田区,丸の内1丁目1番地1号,丸の内ビル３Ｆ,株式会社サンプル,営業部,山田　太郎,,,2023/08/20
106,600001,北海道,札幌市北区,2001/2/3,,㈱北の商事,総務部,佐藤　花子,112345678,sato@example.jp,2025/02/02
000107,060-0001,北海道,札幌市中央区,北一条西2-1,,,,髙橋　﨑子,011-123-4567,,2025/03/03
000108,530-0001,大阪府,大阪市北区,梅田1-1-1,"梅田
タワー",,,鈴木　一郎,06-1234-5678,  suzuki@example.jp ,2025/03/04
000109,530-0001,大阪府,大阪市北区,梅田1-1-1,梅田タワー,,,鈴木　花子,06-1234-5678,,2025/03/05
000110,812-0011,福岡県,福岡市博多区,博多駅前1-1-1,,,,田中■子,092-123-4567,,2025/03/06
000111,812-0011,福岡県,福岡市博多区,博多駅前2-2-2,,,,中村一,,,2025/03/07
000112,,福岡県,福岡市博多区,,,,,,,,2025/03/08
000113,980-0811,宮城県,仙台市青葉区,一番町1-1-1,①番館,,,伊藤　健,1.23E+11,,2025/03/09
000114,460-0008,愛知県,名古屋市中区,栄1-1-1,,,,渡辺　誠,052-123-4567,,2025/03/10
